dist_err,waypoint_idx
0.0334999,2
0.0260998,1
